analysis_block,endpoint,feature_set,feature,raw_feature,coef,abs_coef,feature_scope
primary,Binarized_response,clinical_only,cat__sex_M,sex,-8.869582176208496,8.869582176208496,clinical
primary,Binarized_response,clinical_only,cat__egfr_status_Wild-Type,egfr_status,8.847870826721191,8.847870826721191,clinical
primary,Binarized_response,clinical_only,cat__smoking_Never,smoking,-5.191012859344482,5.191012859344482,clinical
primary,Binarized_response,clinical_only,cat__previous_target_Yes,previous_target,4.949654579162598,4.949654579162598,clinical
primary,Binarized_response,clinical_only,cat__ecog_2,ecog,-3.6248550415039062,3.6248550415039062,clinical
primary,Binarized_response,clinical_only,cat__ecog_1,ecog,-3.006340742111206,3.006340742111206,clinical
primary,Binarized_response,clinical_only,cat__io_line_≥2nd line,io_line,-2.616060495376587,2.616060495376587,clinical
primary,Binarized_response,clinical_only,cat__histology_LUSC,histology,-1.565011739730835,1.565011739730835,clinical
primary,Binarized_response,clinical_only,cat__histology_others,histology,1.4987852573394775,1.4987852573394775,clinical
primary,Binarized_response,clinical_only,cat__smoking_Ex,smoking,-0.7972428202629089,0.7972428202629089,clinical
primary,Binarized_response,clinical_only,num__age,age,0.24447637796401978,0.24447637796401978,clinical
primary,Binarized_response,clinical_plus_bio_sbp,cat__egfr_status_Wild-Type,egfr_status,12.016247749328613,12.016247749328613,clinical
primary,Binarized_response,clinical_plus_bio_sbp,cat__sex_M,sex,-10.512446403503418,10.512446403503418,clinical
primary,Binarized_response,clinical_plus_bio_sbp,cat__previous_target_Yes,previous_target,7.354638576507568,7.354638576507568,clinical
primary,Binarized_response,clinical_plus_bio_sbp,cat__smoking_Never,smoking,-5.250707149505615,5.250707149505615,clinical
primary,Binarized_response,clinical_plus_bio_sbp,cat__io_line_≥2nd line,io_line,-4.237170219421387,4.237170219421387,clinical
primary,Binarized_response,clinical_plus_bio_sbp,cat__ecog_2,ecog,-3.4608471393585205,3.4608471393585205,clinical
primary,Binarized_response,clinical_plus_bio_sbp,cat__ecog_1,ecog,-3.0632312297821045,3.0632312297821045,clinical
primary,Binarized_response,clinical_plus_bio_sbp,cat__histology_LUSC,histology,-2.1117379665374756,2.1117379665374756,clinical
primary,Binarized_response,clinical_plus_bio_sbp,cat__histology_others,histology,1.8289936780929565,1.8289936780929565,clinical
primary,Binarized_response,clinical_plus_bio_sbp,cat__smoking_Ex,smoking,-0.5086473822593689,0.5086473822593689,clinical
primary,Binarized_response,clinical_plus_bio_sbp,num__age,age,0.4292929172515869,0.4292929172515869,clinical
primary,Binarized_response,clinical_plus_bio_sbp,num__bio__patient_cd16_score_mean,bio__patient_cd16_score_mean,1.4834553003311157,1.4834553003311157,immune
primary,Binarized_response,clinical_plus_bio_sbp,num__bio__patient_naive_score_mean,bio__patient_naive_score_mean,0.46163129806518555,0.46163129806518555,immune
primary,Binarized_response,clinical_plus_bio_sbp,num__bio__LM_SBP_2part_ilr,bio__LM_SBP_2part_ilr,0.3903225064277649,0.3903225064277649,immune
primary,Binarized_response,clinical_plus_bio_sbp,num__bio__patient_cd14_score_mean,bio__patient_cd14_score_mean,0.3481985926628113,0.3481985926628113,immune
primary,Binarized_response,clinical_plus_bio_sbp,num__bio__CD14_CD16_SBP_2part_ilr,bio__CD14_CD16_SBP_2part_ilr,0.18046371638774872,0.18046371638774872,immune
primary,PFS,clinical_only,cat__egfr_status_Wild-Type,egfr_status,-0.8033108964732911,0.8033108964732911,clinical
primary,PFS,clinical_only,cat__io_line_≥2nd line,io_line,0.7380258881173115,0.7380258881173115,clinical
primary,PFS,clinical_only,cat__sex_M,sex,0.5434487531221021,0.5434487531221021,clinical
primary,PFS,clinical_only,cat__ecog_1,ecog,0.23273178172255254,0.23273178172255254,clinical
primary,PFS,clinical_only,cat__histology_LUSC,histology,0.12525258890075203,0.12525258890075203,clinical
primary,PFS,clinical_only,cat__histology_others,histology,-0.01562173151123892,0.01562173151123892,clinical
primary,PFS,clinical_only,cat__ecog_2,ecog,2.432515701285258e-06,2.432515701285258e-06,clinical
primary,PFS,clinical_only,cat__smoking_Never,smoking,-1.7352600898387868e-06,1.7352600898387868e-06,clinical
primary,PFS,clinical_only,cat__smoking_Ex,smoking,1.341605877035267e-06,1.341605877035267e-06,clinical
primary,PFS,clinical_only,num__age,age,3.775645621627359e-07,3.775645621627359e-07,clinical
primary,PFS,clinical_only,cat__previous_target_Yes,previous_target,-8.578852201010484e-08,8.578852201010484e-08,clinical
primary,PFS,clinical_plus_bio_sbp,cat__egfr_status_Wild-Type,egfr_status,-1.4205591531323887,1.4205591531323887,clinical
primary,PFS,clinical_plus_bio_sbp,cat__io_line_≥2nd line,io_line,1.1856979978850688,1.1856979978850688,clinical
primary,PFS,clinical_plus_bio_sbp,cat__sex_M,sex,1.0406388793152779,1.0406388793152779,clinical
primary,PFS,clinical_plus_bio_sbp,cat__ecog_2,ecog,0.751740785820276,0.751740785820276,clinical
primary,PFS,clinical_plus_bio_sbp,cat__ecog_1,ecog,0.5786037298923851,0.5786037298923851,clinical
primary,PFS,clinical_plus_bio_sbp,cat__histology_LUSC,histology,0.565991468818171,0.565991468818171,clinical
primary,PFS,clinical_plus_bio_sbp,cat__previous_target_Yes,previous_target,-0.48318660062608937,0.48318660062608937,clinical
primary,PFS,clinical_plus_bio_sbp,cat__histology_others,histology,-0.08550613634383293,0.08550613634383293,clinical
primary,PFS,clinical_plus_bio_sbp,num__age,age,-0.07345994414056493,0.07345994414056493,clinical
primary,PFS,clinical_plus_bio_sbp,cat__smoking_Ex,smoking,0.00462399171587114,0.00462399171587114,clinical
primary,PFS,clinical_plus_bio_sbp,cat__smoking_Never,smoking,6.768840250596887e-06,6.768840250596887e-06,clinical
primary,PFS,clinical_plus_bio_sbp,num__bio__CD14_CD16_SBP_2part_ilr,bio__CD14_CD16_SBP_2part_ilr,0.27052676507959145,0.27052676507959145,immune
primary,PFS,clinical_plus_bio_sbp,num__bio__LM_SBP_2part_ilr,bio__LM_SBP_2part_ilr,-0.1541880701921921,0.1541880701921921,immune
primary,PFS,clinical_plus_bio_sbp,num__bio__patient_cd16_score_mean,bio__patient_cd16_score_mean,-0.09442411617166184,0.09442411617166184,immune
primary,PFS,clinical_plus_bio_sbp,num__bio__patient_cd14_score_mean,bio__patient_cd14_score_mean,4.990277702512698e-06,4.990277702512698e-06,immune
primary,PFS,clinical_plus_bio_sbp,num__bio__patient_naive_score_mean,bio__patient_naive_score_mean,-2.697035917076281e-06,2.697035917076281e-06,immune
primary,PFS_6m_restricted,clinical_only,cat__egfr_status_Wild-Type,egfr_status,-2.9017366641027156,2.9017366641027156,clinical
primary,PFS_6m_restricted,clinical_only,cat__sex_M,sex,2.8483410855262368,2.8483410855262368,clinical
primary,PFS_6m_restricted,clinical_only,cat__ecog_1,ecog,2.732142164174435,2.732142164174435,clinical
primary,PFS_6m_restricted,clinical_only,cat__ecog_2,ecog,2.6870675768811516,2.6870675768811516,clinical
primary,PFS_6m_restricted,clinical_only,cat__previous_target_Yes,previous_target,-1.9879279348862438,1.9879279348862438,clinical
primary,PFS_6m_restricted,clinical_only,cat__smoking_Never,smoking,1.837506109251407,1.837506109251407,clinical
primary,PFS_6m_restricted,clinical_only,cat__io_line_≥2nd line,io_line,1.6707833469331768,1.6707833469331768,clinical
primary,PFS_6m_restricted,clinical_only,cat__histology_others,histology,-1.3059201872013866,1.3059201872013866,clinical
primary,PFS_6m_restricted,clinical_only,cat__histology_LUSC,histology,0.4643489017872269,0.4643489017872269,clinical
primary,PFS_6m_restricted,clinical_only,cat__smoking_Ex,smoking,0.3646415402983152,0.3646415402983152,clinical
primary,PFS_6m_restricted,clinical_only,num__age,age,-0.13482859032506012,0.13482859032506012,clinical
primary,PFS_6m_restricted,clinical_plus_bio_sbp,cat__io_line_≥2nd line,io_line,5.463881391082274e-07,5.463881391082274e-07,clinical
primary,PFS_6m_restricted,clinical_plus_bio_sbp,cat__histology_others,histology,-3.9370827997605136e-07,3.9370827997605136e-07,clinical
primary,PFS_6m_restricted,clinical_plus_bio_sbp,cat__ecog_1,ecog,3.6586745750591035e-07,3.6586745750591035e-07,clinical
primary,PFS_6m_restricted,clinical_plus_bio_sbp,cat__egfr_status_Wild-Type,egfr_status,-3.125910246911522e-07,3.125910246911522e-07,clinical
primary,PFS_6m_restricted,clinical_plus_bio_sbp,cat__smoking_Ex,smoking,1.8428230894593165e-07,1.8428230894593165e-07,clinical
primary,PFS_6m_restricted,clinical_plus_bio_sbp,cat__sex_M,sex,1.3105679467801303e-07,1.3105679467801303e-07,clinical
primary,PFS_6m_restricted,clinical_plus_bio_sbp,cat__previous_target_Yes,previous_target,1.2093603756527728e-07,1.2093603756527728e-07,clinical
primary,PFS_6m_restricted,clinical_plus_bio_sbp,cat__ecog_2,ecog,8.536594731141815e-08,8.536594731141815e-08,clinical
primary,PFS_6m_restricted,clinical_plus_bio_sbp,cat__smoking_Never,smoking,-6.314647354086985e-08,6.314647354086985e-08,clinical
primary,PFS_6m_restricted,clinical_plus_bio_sbp,cat__histology_LUSC,histology,5.96256364857812e-08,5.96256364857812e-08,clinical
primary,PFS_6m_restricted,clinical_plus_bio_sbp,num__age,age,-2.2192606850984256e-08,2.2192606850984256e-08,clinical
primary,PFS_6m_restricted,clinical_plus_bio_sbp,num__bio__CD14_CD16_SBP_2part_ilr,bio__CD14_CD16_SBP_2part_ilr,1.477104569345518e-07,1.477104569345518e-07,immune
primary,PFS_6m_restricted,clinical_plus_bio_sbp,num__bio__patient_cd14_score_mean,bio__patient_cd14_score_mean,1.1749623836648941e-07,1.1749623836648941e-07,immune
primary,PFS_6m_restricted,clinical_plus_bio_sbp,num__bio__LM_SBP_2part_ilr,bio__LM_SBP_2part_ilr,-1.1036072152168799e-07,1.1036072152168799e-07,immune
primary,PFS_6m_restricted,clinical_plus_bio_sbp,num__bio__patient_cd16_score_mean,bio__patient_cd16_score_mean,-9.698760260342102e-08,9.698760260342102e-08,immune
primary,PFS_6m_restricted,clinical_plus_bio_sbp,num__bio__patient_naive_score_mean,bio__patient_naive_score_mean,-7.97737328941775e-08,7.97737328941775e-08,immune
secondary,Binarized_response,clinical_plus_bio_sbp,cat__egfr_status_Wild-Type,egfr_status,12.016247749328613,12.016247749328613,clinical
secondary,Binarized_response,clinical_plus_bio_sbp,cat__sex_M,sex,-10.512446403503418,10.512446403503418,clinical
secondary,Binarized_response,clinical_plus_bio_sbp,cat__previous_target_Yes,previous_target,7.354638576507568,7.354638576507568,clinical
secondary,Binarized_response,clinical_plus_bio_sbp,cat__smoking_Never,smoking,-5.250707149505615,5.250707149505615,clinical
secondary,Binarized_response,clinical_plus_bio_sbp,cat__io_line_≥2nd line,io_line,-4.237170219421387,4.237170219421387,clinical
secondary,Binarized_response,clinical_plus_bio_sbp,cat__ecog_2,ecog,-3.4608471393585205,3.4608471393585205,clinical
secondary,Binarized_response,clinical_plus_bio_sbp,cat__ecog_1,ecog,-3.0632312297821045,3.0632312297821045,clinical
secondary,Binarized_response,clinical_plus_bio_sbp,cat__histology_LUSC,histology,-2.1117379665374756,2.1117379665374756,clinical
secondary,Binarized_response,clinical_plus_bio_sbp,cat__histology_others,histology,1.8289936780929565,1.8289936780929565,clinical
secondary,Binarized_response,clinical_plus_bio_sbp,cat__smoking_Ex,smoking,-0.5086473822593689,0.5086473822593689,clinical
secondary,Binarized_response,clinical_plus_bio_sbp,num__age,age,0.4292929172515869,0.4292929172515869,clinical
secondary,Binarized_response,clinical_plus_bio_sbp,num__bio__patient_cd16_score_mean,bio__patient_cd16_score_mean,1.4834553003311157,1.4834553003311157,immune
secondary,Binarized_response,clinical_plus_bio_sbp,num__bio__patient_naive_score_mean,bio__patient_naive_score_mean,0.46163129806518555,0.46163129806518555,immune
secondary,Binarized_response,clinical_plus_bio_sbp,num__bio__LM_SBP_2part_ilr,bio__LM_SBP_2part_ilr,0.3903225064277649,0.3903225064277649,immune
secondary,Binarized_response,clinical_plus_bio_sbp,num__bio__patient_cd14_score_mean,bio__patient_cd14_score_mean,0.3481985926628113,0.3481985926628113,immune
secondary,Binarized_response,clinical_plus_bio_sbp,num__bio__CD14_CD16_SBP_2part_ilr,bio__CD14_CD16_SBP_2part_ilr,0.18046371638774872,0.18046371638774872,immune
secondary,Binarized_response,clinical_plus_bio_sbp_plus_pc,cat__egfr_status_Wild-Type,egfr_status,9.81574535369873,9.81574535369873,clinical
secondary,Binarized_response,clinical_plus_bio_sbp_plus_pc,cat__sex_M,sex,-8.454140663146973,8.454140663146973,clinical
secondary,Binarized_response,clinical_plus_bio_sbp_plus_pc,cat__io_line_≥2nd line,io_line,-6.720486640930176,6.720486640930176,clinical
secondary,Binarized_response,clinical_plus_bio_sbp_plus_pc,cat__previous_target_Yes,previous_target,6.010712623596191,6.010712623596191,clinical
secondary,Binarized_response,clinical_plus_bio_sbp_plus_pc,cat__smoking_Never,smoking,-4.664126873016357,4.664126873016357,clinical
secondary,Binarized_response,clinical_plus_bio_sbp_plus_pc,cat__ecog_2,ecog,-3.061262845993042,3.061262845993042,clinical
secondary,Binarized_response,clinical_plus_bio_sbp_plus_pc,cat__histology_others,histology,2.569237470626831,2.569237470626831,clinical
secondary,Binarized_response,clinical_plus_bio_sbp_plus_pc,cat__histology_LUSC,histology,-2.4972827434539795,2.4972827434539795,clinical
secondary,Binarized_response,clinical_plus_bio_sbp_plus_pc,cat__ecog_1,ecog,-2.4627037048339844,2.4627037048339844,clinical
secondary,Binarized_response,clinical_plus_bio_sbp_plus_pc,cat__smoking_Ex,smoking,-0.711675763130188,0.711675763130188,clinical
secondary,Binarized_response,clinical_plus_bio_sbp_plus_pc,num__age,age,0.36436814069747925,0.36436814069747925,clinical
secondary,Binarized_response,clinical_plus_bio_sbp_plus_pc,num__bio__patient_cd16_score_mean,bio__patient_cd16_score_mean,3.1244850158691406,3.1244850158691406,immune
secondary,Binarized_response,clinical_plus_bio_sbp_plus_pc,num__pc__NK_PC1,pc__NK_PC1,-1.8771377801895142,1.8771377801895142,immune
secondary,Binarized_response,clinical_plus_bio_sbp_plus_pc,num__pc__effector_CD8_T_PC1,pc__effector_CD8_T_PC1,1.3238343000411987,1.3238343000411987,immune
secondary,Binarized_response,clinical_plus_bio_sbp_plus_pc,num__pc__naive_TCM_CD4_T_PC1,pc__naive_TCM_CD4_T_PC1,-1.2763543128967285,1.2763543128967285,immune
secondary,Binarized_response,clinical_plus_bio_sbp_plus_pc,num__bio__CD14_CD16_SBP_2part_ilr,bio__CD14_CD16_SBP_2part_ilr,1.0988233089447021,1.0988233089447021,immune
secondary,Binarized_response,clinical_plus_bio_sbp_plus_pc,num__bio__LM_SBP_2part_ilr,bio__LM_SBP_2part_ilr,1.032060146331787,1.032060146331787,immune
secondary,Binarized_response,clinical_plus_bio_sbp_plus_pc,num__bio__patient_cd14_score_mean,bio__patient_cd14_score_mean,0.48563674092292786,0.48563674092292786,immune
secondary,Binarized_response,clinical_plus_bio_sbp_plus_pc,num__pc__CD14_Mono_PC2,pc__CD14_Mono_PC2,0.24834276735782623,0.24834276735782623,immune
secondary,Binarized_response,clinical_plus_bio_sbp_plus_pc,num__pc__effector_CD8_T_PC2,pc__effector_CD8_T_PC2,0.24361057579517365,0.24361057579517365,immune
secondary,Binarized_response,clinical_plus_bio_sbp_plus_pc,num__pc__NK_PC2,pc__NK_PC2,-0.17032496631145477,0.17032496631145477,immune
secondary,Binarized_response,clinical_plus_bio_sbp_plus_pc,num__pc__naive_TCM_CD4_T_PC2,pc__naive_TCM_CD4_T_PC2,-0.10894085466861725,0.10894085466861725,immune
secondary,Binarized_response,clinical_plus_bio_sbp_plus_pc,num__bio__patient_naive_score_mean,bio__patient_naive_score_mean,-0.08569157868623734,0.08569157868623734,immune
secondary,Binarized_response,clinical_plus_bio_sbp_plus_pc_with_pd_l1,cat__egfr_status_Wild-Type,egfr_status,12.157482147216797,12.157482147216797,clinical
secondary,Binarized_response,clinical_plus_bio_sbp_plus_pc_with_pd_l1,cat__sex_M,sex,-10.119139671325684,10.119139671325684,clinical
secondary,Binarized_response,clinical_plus_bio_sbp_plus_pc_with_pd_l1,cat__previous_target_Yes,previous_target,5.112832546234131,5.112832546234131,clinical
secondary,Binarized_response,clinical_plus_bio_sbp_plus_pc_with_pd_l1,cat__smoking_Never,smoking,-4.936375617980957,4.936375617980957,clinical
secondary,Binarized_response,clinical_plus_bio_sbp_plus_pc_with_pd_l1,cat__io_line_≥2nd line,io_line,-3.7757205963134766,3.7757205963134766,clinical
secondary,Binarized_response,clinical_plus_bio_sbp_plus_pc_with_pd_l1,cat__ecog_1,ecog,-3.200308084487915,3.200308084487915,clinical
secondary,Binarized_response,clinical_plus_bio_sbp_plus_pc_with_pd_l1,cat__pd_l1_tps_≥50,pd_l1_tps,2.6822621822357178,2.6822621822357178,clinical
secondary,Binarized_response,clinical_plus_bio_sbp_plus_pc_with_pd_l1,cat__histology_LUSC,histology,-2.238107204437256,2.238107204437256,clinical
secondary,Binarized_response,clinical_plus_bio_sbp_plus_pc_with_pd_l1,cat__ecog_2,ecog,-1.951977252960205,1.951977252960205,clinical
secondary,Binarized_response,clinical_plus_bio_sbp_plus_pc_with_pd_l1,cat__pd_l1_tps_<1,pd_l1_tps,-1.146642804145813,1.146642804145813,clinical
secondary,Binarized_response,clinical_plus_bio_sbp_plus_pc_with_pd_l1,cat__smoking_Ex,smoking,-1.050535798072815,1.050535798072815,clinical
secondary,Binarized_response,clinical_plus_bio_sbp_plus_pc_with_pd_l1,cat__histology_others,histology,0.8847914338111877,0.8847914338111877,clinical
secondary,Binarized_response,clinical_plus_bio_sbp_plus_pc_with_pd_l1,num__age,age,0.31021785736083984,0.31021785736083984,clinical
secondary,Binarized_response,clinical_plus_bio_sbp_plus_pc_with_pd_l1,num__bio__patient_cd16_score_mean,bio__patient_cd16_score_mean,2.370718240737915,2.370718240737915,immune
secondary,Binarized_response,clinical_plus_bio_sbp_plus_pc_with_pd_l1,num__bio__patient_cd14_score_mean,bio__patient_cd14_score_mean,1.356811761856079,1.356811761856079,immune
secondary,Binarized_response,clinical_plus_bio_sbp_plus_pc_with_pd_l1,num__pc__effector_CD8_T_PC1,pc__effector_CD8_T_PC1,1.208324670791626,1.208324670791626,immune
secondary,Binarized_response,clinical_plus_bio_sbp_plus_pc_with_pd_l1,num__pc__NK_PC1,pc__NK_PC1,-0.8422098755836487,0.8422098755836487,immune
secondary,Binarized_response,clinical_plus_bio_sbp_plus_pc_with_pd_l1,num__bio__LM_SBP_2part_ilr,bio__LM_SBP_2part_ilr,0.6330075860023499,0.6330075860023499,immune
secondary,Binarized_response,clinical_plus_bio_sbp_plus_pc_with_pd_l1,num__pc__naive_TCM_CD4_T_PC1,pc__naive_TCM_CD4_T_PC1,-0.529301643371582,0.529301643371582,immune
secondary,Binarized_response,clinical_plus_bio_sbp_plus_pc_with_pd_l1,num__bio__CD14_CD16_SBP_2part_ilr,bio__CD14_CD16_SBP_2part_ilr,0.42546969652175903,0.42546969652175903,immune
secondary,Binarized_response,clinical_plus_bio_sbp_plus_pc_with_pd_l1,num__pc__naive_TCM_CD4_T_PC2,pc__naive_TCM_CD4_T_PC2,0.34153735637664795,0.34153735637664795,immune
secondary,Binarized_response,clinical_plus_bio_sbp_plus_pc_with_pd_l1,num__pc__effector_CD8_T_PC2,pc__effector_CD8_T_PC2,0.29475271701812744,0.29475271701812744,immune
secondary,Binarized_response,clinical_plus_bio_sbp_plus_pc_with_pd_l1,num__bio__patient_naive_score_mean,bio__patient_naive_score_mean,0.08762151002883911,0.08762151002883911,immune
secondary,Binarized_response,clinical_plus_bio_sbp_plus_pc_with_pd_l1,num__pc__NK_PC2,pc__NK_PC2,0.08025500923395157,0.08025500923395157,immune
secondary,Binarized_response,clinical_plus_bio_sbp_plus_pc_with_pd_l1,num__pc__CD14_Mono_PC2,pc__CD14_Mono_PC2,0.0,0.0,immune
secondary,Binarized_response,clinical_plus_bio_sbp_with_pd_l1,cat__egfr_status_Wild-Type,egfr_status,17.31670570373535,17.31670570373535,clinical
secondary,Binarized_response,clinical_plus_bio_sbp_with_pd_l1,cat__sex_M,sex,-15.872186660766602,15.872186660766602,clinical
secondary,Binarized_response,clinical_plus_bio_sbp_with_pd_l1,cat__previous_target_Yes,previous_target,8.80176067352295,8.80176067352295,clinical
secondary,Binarized_response,clinical_plus_bio_sbp_with_pd_l1,cat__smoking_Never,smoking,-8.643622398376465,8.643622398376465,clinical
secondary,Binarized_response,clinical_plus_bio_sbp_with_pd_l1,cat__io_line_≥2nd line,io_line,-4.411591053009033,4.411591053009033,clinical
secondary,Binarized_response,clinical_plus_bio_sbp_with_pd_l1,cat__ecog_1,ecog,-4.183887481689453,4.183887481689453,clinical
secondary,Binarized_response,clinical_plus_bio_sbp_with_pd_l1,cat__ecog_2,ecog,-3.762040376663208,3.762040376663208,clinical
secondary,Binarized_response,clinical_plus_bio_sbp_with_pd_l1,cat__histology_LUSC,histology,-3.08831787109375,3.08831787109375,clinical
secondary,Binarized_response,clinical_plus_bio_sbp_with_pd_l1,cat__pd_l1_tps_≥50,pd_l1_tps,2.4016942977905273,2.4016942977905273,clinical
secondary,Binarized_response,clinical_plus_bio_sbp_with_pd_l1,cat__pd_l1_tps_<1,pd_l1_tps,-1.7092525959014893,1.7092525959014893,clinical
secondary,Binarized_response,clinical_plus_bio_sbp_with_pd_l1,cat__histology_others,histology,1.385019302368164,1.385019302368164,clinical
secondary,Binarized_response,clinical_plus_bio_sbp_with_pd_l1,cat__smoking_Ex,smoking,-1.359041452407837,1.359041452407837,clinical
secondary,Binarized_response,clinical_plus_bio_sbp_with_pd_l1,num__age,age,0.6993855834007263,0.6993855834007263,clinical
secondary,Binarized_response,clinical_plus_bio_sbp_with_pd_l1,num__bio__patient_cd16_score_mean,bio__patient_cd16_score_mean,1.7824307680130005,1.7824307680130005,immune
secondary,Binarized_response,clinical_plus_bio_sbp_with_pd_l1,num__bio__patient_cd14_score_mean,bio__patient_cd14_score_mean,1.2092704772949219,1.2092704772949219,immune
secondary,Binarized_response,clinical_plus_bio_sbp_with_pd_l1,num__bio__patient_naive_score_mean,bio__patient_naive_score_mean,0.47323518991470337,0.47323518991470337,immune
secondary,Binarized_response,clinical_plus_bio_sbp_with_pd_l1,num__bio__LM_SBP_2part_ilr,bio__LM_SBP_2part_ilr,0.3298841416835785,0.3298841416835785,immune
secondary,Binarized_response,clinical_plus_bio_sbp_with_pd_l1,num__bio__CD14_CD16_SBP_2part_ilr,bio__CD14_CD16_SBP_2part_ilr,-0.13039809465408325,0.13039809465408325,immune
secondary,Binarized_response,immune_only_bio_sbp_plus_pc,num__pc__effector_CD8_T_PC1,pc__effector_CD8_T_PC1,0.5012301802635193,0.5012301802635193,immune
secondary,Binarized_response,immune_only_bio_sbp_plus_pc,num__bio__patient_cd16_score_mean,bio__patient_cd16_score_mean,0.45792827010154724,0.45792827010154724,immune
secondary,Binarized_response,immune_only_bio_sbp_plus_pc,num__bio__LM_SBP_2part_ilr,bio__LM_SBP_2part_ilr,0.3424758315086365,0.3424758315086365,immune
secondary,Binarized_response,immune_only_bio_sbp_plus_pc,num__pc__NK_PC1,pc__NK_PC1,-0.2904804050922394,0.2904804050922394,immune
secondary,Binarized_response,immune_only_bio_sbp_plus_pc,num__pc__effector_CD8_T_PC2,pc__effector_CD8_T_PC2,0.21756835281848907,0.21756835281848907,immune
secondary,Binarized_response,immune_only_bio_sbp_plus_pc,num__bio__CD14_CD16_SBP_2part_ilr,bio__CD14_CD16_SBP_2part_ilr,-0.05416709557175636,0.05416709557175636,immune
secondary,Binarized_response,immune_only_bio_sbp_plus_pc,num__bio__patient_naive_score_mean,bio__patient_naive_score_mean,0.043362002819776535,0.043362002819776535,immune
secondary,Binarized_response,immune_only_bio_sbp_plus_pc,num__pc__naive_TCM_CD4_T_PC1,pc__naive_TCM_CD4_T_PC1,-0.008384221233427525,0.008384221233427525,immune
secondary,Binarized_response,immune_only_bio_sbp_plus_pc,num__bio__patient_cd14_score_mean,bio__patient_cd14_score_mean,0.0,0.0,immune
secondary,Binarized_response,immune_only_bio_sbp_plus_pc,num__pc__CD14_Mono_PC1,pc__CD14_Mono_PC1,0.0,0.0,immune
secondary,Binarized_response,immune_only_bio_sbp_plus_pc,num__pc__CD14_Mono_PC2,pc__CD14_Mono_PC2,0.0,0.0,immune
secondary,Binarized_response,immune_only_bio_sbp_plus_pc,num__pc__NK_PC2,pc__NK_PC2,0.0,0.0,immune
secondary,Binarized_response,immune_only_bio_sbp_plus_pc,num__pc__naive_TCM_CD4_T_PC2,pc__naive_TCM_CD4_T_PC2,0.0,0.0,immune
secondary,PFS,clinical_plus_bio_sbp,cat__egfr_status_Wild-Type,egfr_status,-1.4205591531323887,1.4205591531323887,clinical
secondary,PFS,clinical_plus_bio_sbp,cat__io_line_≥2nd line,io_line,1.1856979978850688,1.1856979978850688,clinical
secondary,PFS,clinical_plus_bio_sbp,cat__sex_M,sex,1.0406388793152779,1.0406388793152779,clinical
secondary,PFS,clinical_plus_bio_sbp,cat__ecog_2,ecog,0.751740785820276,0.751740785820276,clinical
secondary,PFS,clinical_plus_bio_sbp,cat__ecog_1,ecog,0.5786037298923851,0.5786037298923851,clinical
secondary,PFS,clinical_plus_bio_sbp,cat__histology_LUSC,histology,0.565991468818171,0.565991468818171,clinical
secondary,PFS,clinical_plus_bio_sbp,cat__previous_target_Yes,previous_target,-0.48318660062608937,0.48318660062608937,clinical
secondary,PFS,clinical_plus_bio_sbp,cat__histology_others,histology,-0.08550613634383293,0.08550613634383293,clinical
secondary,PFS,clinical_plus_bio_sbp,num__age,age,-0.07345994414056493,0.07345994414056493,clinical
secondary,PFS,clinical_plus_bio_sbp,cat__smoking_Ex,smoking,0.00462399171587114,0.00462399171587114,clinical
secondary,PFS,clinical_plus_bio_sbp,cat__smoking_Never,smoking,6.768840250596887e-06,6.768840250596887e-06,clinical
secondary,PFS,clinical_plus_bio_sbp,num__bio__CD14_CD16_SBP_2part_ilr,bio__CD14_CD16_SBP_2part_ilr,0.27052676507959145,0.27052676507959145,immune
secondary,PFS,clinical_plus_bio_sbp,num__bio__LM_SBP_2part_ilr,bio__LM_SBP_2part_ilr,-0.1541880701921921,0.1541880701921921,immune
secondary,PFS,clinical_plus_bio_sbp,num__bio__patient_cd16_score_mean,bio__patient_cd16_score_mean,-0.09442411617166184,0.09442411617166184,immune
secondary,PFS,clinical_plus_bio_sbp,num__bio__patient_cd14_score_mean,bio__patient_cd14_score_mean,4.990277702512698e-06,4.990277702512698e-06,immune
secondary,PFS,clinical_plus_bio_sbp,num__bio__patient_naive_score_mean,bio__patient_naive_score_mean,-2.697035917076281e-06,2.697035917076281e-06,immune
secondary,PFS,clinical_plus_bio_sbp_plus_pc,cat__io_line_≥2nd line,io_line,0.6941330171552975,0.6941330171552975,clinical
secondary,PFS,clinical_plus_bio_sbp_plus_pc,cat__egfr_status_Wild-Type,egfr_status,-0.2548019196293331,0.2548019196293331,clinical
secondary,PFS,clinical_plus_bio_sbp_plus_pc,cat__ecog_1,ecog,0.1770823855600832,0.1770823855600832,clinical
secondary,PFS,clinical_plus_bio_sbp_plus_pc,cat__sex_M,sex,0.17549971841974674,0.17549971841974674,clinical
secondary,PFS,clinical_plus_bio_sbp_plus_pc,cat__histology_LUSC,histology,0.042854801253771786,0.042854801253771786,clinical
secondary,PFS,clinical_plus_bio_sbp_plus_pc,cat__histology_others,histology,-1.04743811927238e-06,1.04743811927238e-06,clinical
secondary,PFS,clinical_plus_bio_sbp_plus_pc,cat__ecog_2,ecog,7.110719327732368e-07,7.110719327732368e-07,clinical
secondary,PFS,clinical_plus_bio_sbp_plus_pc,cat__smoking_Never,smoking,-6.339684684629232e-07,6.339684684629232e-07,clinical
secondary,PFS,clinical_plus_bio_sbp_plus_pc,cat__smoking_Ex,smoking,3.1210173141946186e-07,3.1210173141946186e-07,clinical
secondary,PFS,clinical_plus_bio_sbp_plus_pc,cat__previous_target_Yes,previous_target,9.962295070141754e-08,9.962295070141754e-08,clinical
secondary,PFS,clinical_plus_bio_sbp_plus_pc,num__age,age,2.1047900498598065e-08,2.1047900498598065e-08,clinical
secondary,PFS,clinical_plus_bio_sbp_plus_pc,num__bio__CD14_CD16_SBP_2part_ilr,bio__CD14_CD16_SBP_2part_ilr,0.19139114251838074,0.19139114251838074,immune
secondary,PFS,clinical_plus_bio_sbp_plus_pc,num__pc__effector_CD8_T_PC2,pc__effector_CD8_T_PC2,-0.097525280386119,0.097525280386119,immune
secondary,PFS,clinical_plus_bio_sbp_plus_pc,num__bio__LM_SBP_2part_ilr,bio__LM_SBP_2part_ilr,-0.09426631992032249,0.09426631992032249,immune
secondary,PFS,clinical_plus_bio_sbp_plus_pc,num__pc__naive_TCM_CD4_T_PC2,pc__naive_TCM_CD4_T_PC2,0.008213517884268605,0.008213517884268605,immune
secondary,PFS,clinical_plus_bio_sbp_plus_pc,num__bio__patient_cd14_score_mean,bio__patient_cd14_score_mean,1.5495794573650093e-07,1.5495794573650093e-07,immune
secondary,PFS,clinical_plus_bio_sbp_plus_pc,num__pc__naive_TCM_CD4_T_PC1,pc__naive_TCM_CD4_T_PC1,1.2640671721612724e-07,1.2640671721612724e-07,immune
secondary,PFS,clinical_plus_bio_sbp_plus_pc,num__pc__CD14_Mono_PC2,pc__CD14_Mono_PC2,-9.461712166713343e-08,9.461712166713343e-08,immune
secondary,PFS,clinical_plus_bio_sbp_plus_pc,num__bio__patient_cd16_score_mean,bio__patient_cd16_score_mean,-9.384392998007809e-08,9.384392998007809e-08,immune
secondary,PFS,clinical_plus_bio_sbp_plus_pc,num__bio__patient_naive_score_mean,bio__patient_naive_score_mean,6.03549967095922e-08,6.03549967095922e-08,immune
secondary,PFS,clinical_plus_bio_sbp_plus_pc,num__pc__NK_PC1,pc__NK_PC1,4.4825540968759125e-08,4.4825540968759125e-08,immune
secondary,PFS,clinical_plus_bio_sbp_plus_pc,num__pc__effector_CD8_T_PC1,pc__effector_CD8_T_PC1,-4.2899843111598285e-08,4.2899843111598285e-08,immune
secondary,PFS,clinical_plus_bio_sbp_plus_pc,num__pc__NK_PC2,pc__NK_PC2,1.2800429388996888e-08,1.2800429388996888e-08,immune
secondary,PFS,clinical_plus_bio_sbp_plus_pc_with_pd_l1,cat__io_line_≥2nd line,io_line,5.179801306820692e-07,5.179801306820692e-07,clinical
secondary,PFS,clinical_plus_bio_sbp_plus_pc_with_pd_l1,cat__pd_l1_tps_≥50,pd_l1_tps,-4.489835241781057e-07,4.489835241781057e-07,clinical
secondary,PFS,clinical_plus_bio_sbp_plus_pc_with_pd_l1,cat__ecog_1,ecog,4.1831970393422894e-07,4.1831970393422894e-07,clinical
secondary,PFS,clinical_plus_bio_sbp_plus_pc_with_pd_l1,cat__pd_l1_tps_<1,pd_l1_tps,2.883535675426016e-07,2.883535675426016e-07,clinical
secondary,PFS,clinical_plus_bio_sbp_plus_pc_with_pd_l1,cat__egfr_status_Wild-Type,egfr_status,-2.837552574303719e-07,2.837552574303719e-07,clinical
secondary,PFS,clinical_plus_bio_sbp_plus_pc_with_pd_l1,cat__sex_M,sex,2.2573264538675907e-07,2.2573264538675907e-07,clinical
secondary,PFS,clinical_plus_bio_sbp_plus_pc_with_pd_l1,cat__histology_others,histology,-2.0055105637090599e-07,2.0055105637090599e-07,clinical
secondary,PFS,clinical_plus_bio_sbp_plus_pc_with_pd_l1,cat__previous_target_Yes,previous_target,1.785332123322698e-07,1.785332123322698e-07,clinical
secondary,PFS,clinical_plus_bio_sbp_plus_pc_with_pd_l1,cat__smoking_Never,smoking,-1.542752664555448e-07,1.542752664555448e-07,clinical
secondary,PFS,clinical_plus_bio_sbp_plus_pc_with_pd_l1,cat__ecog_2,ecog,1.513564344962735e-07,1.513564344962735e-07,clinical
secondary,PFS,clinical_plus_bio_sbp_plus_pc_with_pd_l1,cat__smoking_Ex,smoking,8.487042201329106e-08,8.487042201329106e-08,clinical
secondary,PFS,clinical_plus_bio_sbp_plus_pc_with_pd_l1,num__age,age,1.6291893376423166e-08,1.6291893376423166e-08,clinical
secondary,PFS,clinical_plus_bio_sbp_plus_pc_with_pd_l1,cat__histology_LUSC,histology,-1.2300142850763545e-08,1.2300142850763545e-08,clinical
secondary,PFS,clinical_plus_bio_sbp_plus_pc_with_pd_l1,num__bio__patient_cd14_score_mean,bio__patient_cd14_score_mean,1.2619900959532394e-07,1.2619900959532394e-07,immune
secondary,PFS,clinical_plus_bio_sbp_plus_pc_with_pd_l1,num__bio__CD14_CD16_SBP_2part_ilr,bio__CD14_CD16_SBP_2part_ilr,1.0816117565282761e-07,1.0816117565282761e-07,immune
secondary,PFS,clinical_plus_bio_sbp_plus_pc_with_pd_l1,num__pc__effector_CD8_T_PC2,pc__effector_CD8_T_PC2,-8.73969758428566e-08,8.73969758428566e-08,immune
secondary,PFS,clinical_plus_bio_sbp_plus_pc_with_pd_l1,num__bio__LM_SBP_2part_ilr,bio__LM_SBP_2part_ilr,-8.291552427733982e-08,8.291552427733982e-08,immune
secondary,PFS,clinical_plus_bio_sbp_plus_pc_with_pd_l1,num__bio__patient_cd16_score_mean,bio__patient_cd16_score_mean,-3.929132034709302e-08,3.929132034709302e-08,immune
secondary,PFS,clinical_plus_bio_sbp_plus_pc_with_pd_l1,num__pc__effector_CD8_T_PC1,pc__effector_CD8_T_PC1,-2.6342245775158513e-08,2.6342245775158513e-08,immune
secondary,PFS,clinical_plus_bio_sbp_plus_pc_with_pd_l1,num__pc__naive_TCM_CD4_T_PC1,pc__naive_TCM_CD4_T_PC1,2.1825810591610892e-08,2.1825810591610892e-08,immune
secondary,PFS,clinical_plus_bio_sbp_plus_pc_with_pd_l1,num__pc__naive_TCM_CD4_T_PC2,pc__naive_TCM_CD4_T_PC2,2.0499752992344224e-08,2.0499752992344224e-08,immune
secondary,PFS,clinical_plus_bio_sbp_plus_pc_with_pd_l1,num__bio__patient_naive_score_mean,bio__patient_naive_score_mean,-1.8528042548864918e-08,1.8528042548864918e-08,immune
secondary,PFS,clinical_plus_bio_sbp_plus_pc_with_pd_l1,num__pc__CD14_Mono_PC2,pc__CD14_Mono_PC2,-6.760166521652991e-09,6.760166521652991e-09,immune
secondary,PFS,clinical_plus_bio_sbp_plus_pc_with_pd_l1,num__pc__NK_PC2,pc__NK_PC2,6.573085588891441e-09,6.573085588891441e-09,immune
secondary,PFS,clinical_plus_bio_sbp_plus_pc_with_pd_l1,num__pc__NK_PC1,pc__NK_PC1,-3.580610939425891e-09,3.580610939425891e-09,immune
secondary,PFS,clinical_plus_bio_sbp_with_pd_l1,cat__io_line_≥2nd line,io_line,4.5220127027805184e-07,4.5220127027805184e-07,clinical
secondary,PFS,clinical_plus_bio_sbp_with_pd_l1,cat__pd_l1_tps_≥50,pd_l1_tps,-3.911582957203692e-07,3.911582957203692e-07,clinical
secondary,PFS,clinical_plus_bio_sbp_with_pd_l1,cat__ecog_1,ecog,3.795092899410363e-07,3.795092899410363e-07,clinical
secondary,PFS,clinical_plus_bio_sbp_with_pd_l1,cat__egfr_status_Wild-Type,egfr_status,-2.606884591940779e-07,2.606884591940779e-07,clinical
secondary,PFS,clinical_plus_bio_sbp_with_pd_l1,cat__pd_l1_tps_<1,pd_l1_tps,2.589991349931055e-07,2.589991349931055e-07,clinical
secondary,PFS,clinical_plus_bio_sbp_with_pd_l1,cat__sex_M,sex,2.0860316752592218e-07,2.0860316752592218e-07,clinical
secondary,PFS,clinical_plus_bio_sbp_with_pd_l1,cat__histology_others,histology,-1.8521158420017067e-07,1.8521158420017067e-07,clinical
secondary,PFS,clinical_plus_bio_sbp_with_pd_l1,cat__previous_target_Yes,previous_target,1.6505387463394938e-07,1.6505387463394938e-07,clinical
secondary,PFS,clinical_plus_bio_sbp_with_pd_l1,cat__smoking_Never,smoking,-1.4283987064314392e-07,1.4283987064314392e-07,clinical
secondary,PFS,clinical_plus_bio_sbp_with_pd_l1,cat__ecog_2,ecog,1.4028161387388004e-07,1.4028161387388004e-07,clinical
secondary,PFS,clinical_plus_bio_sbp_with_pd_l1,cat__smoking_Ex,smoking,7.856765255652749e-08,7.856765255652749e-08,clinical
secondary,PFS,clinical_plus_bio_sbp_with_pd_l1,num__age,age,1.511668593864717e-08,1.511668593864717e-08,clinical
secondary,PFS,clinical_plus_bio_sbp_with_pd_l1,cat__histology_LUSC,histology,-1.1416755714859797e-08,1.1416755714859797e-08,clinical
secondary,PFS,clinical_plus_bio_sbp_with_pd_l1,num__bio__patient_cd14_score_mean,bio__patient_cd14_score_mean,1.1425642185935225e-07,1.1425642185935225e-07,immune
secondary,PFS,clinical_plus_bio_sbp_with_pd_l1,num__bio__CD14_CD16_SBP_2part_ilr,bio__CD14_CD16_SBP_2part_ilr,9.859462941665538e-08,9.859462941665538e-08,immune
secondary,PFS,clinical_plus_bio_sbp_with_pd_l1,num__bio__LM_SBP_2part_ilr,bio__LM_SBP_2part_ilr,-7.615992911536942e-08,7.615992911536942e-08,immune
secondary,PFS,clinical_plus_bio_sbp_with_pd_l1,num__bio__patient_cd16_score_mean,bio__patient_cd16_score_mean,-3.638695806419039e-08,3.638695806419039e-08,immune
secondary,PFS,clinical_plus_bio_sbp_with_pd_l1,num__bio__patient_naive_score_mean,bio__patient_naive_score_mean,-1.7189534659649265e-08,1.7189534659649265e-08,immune
secondary,PFS,immune_only_bio_sbp_plus_pc,num__bio__CD14_CD16_SBP_2part_ilr,bio__CD14_CD16_SBP_2part_ilr,0.11555681829994793,0.11555681829994793,immune
secondary,PFS,immune_only_bio_sbp_plus_pc,num__bio__LM_SBP_2part_ilr,bio__LM_SBP_2part_ilr,-0.10228578054956941,0.10228578054956941,immune
secondary,PFS,immune_only_bio_sbp_plus_pc,num__bio__patient_cd14_score_mean,bio__patient_cd14_score_mean,0.08639660237032076,0.08639660237032076,immune
secondary,PFS,immune_only_bio_sbp_plus_pc,num__pc__effector_CD8_T_PC2,pc__effector_CD8_T_PC2,-0.07486176281451794,0.07486176281451794,immune
secondary,PFS,immune_only_bio_sbp_plus_pc,num__pc__naive_TCM_CD4_T_PC1,pc__naive_TCM_CD4_T_PC1,3.584423291588541e-07,3.584423291588541e-07,immune
secondary,PFS,immune_only_bio_sbp_plus_pc,num__pc__effector_CD8_T_PC1,pc__effector_CD8_T_PC1,-3.261123037703725e-07,3.261123037703725e-07,immune
secondary,PFS,immune_only_bio_sbp_plus_pc,num__pc__CD14_Mono_PC2,pc__CD14_Mono_PC2,-2.9387471853832886e-07,2.9387471853832886e-07,immune
secondary,PFS,immune_only_bio_sbp_plus_pc,num__pc__naive_TCM_CD4_T_PC2,pc__naive_TCM_CD4_T_PC2,2.6256270953445754e-07,2.6256270953445754e-07,immune
secondary,PFS,immune_only_bio_sbp_plus_pc,num__bio__patient_naive_score_mean,bio__patient_naive_score_mean,1.807297259054574e-07,1.807297259054574e-07,immune
secondary,PFS,immune_only_bio_sbp_plus_pc,num__pc__NK_PC2,pc__NK_PC2,1.3764874366797925e-07,1.3764874366797925e-07,immune
secondary,PFS,immune_only_bio_sbp_plus_pc,num__pc__CD14_Mono_PC1,pc__CD14_Mono_PC1,1.0691175512008867e-07,1.0691175512008867e-07,immune
secondary,PFS,immune_only_bio_sbp_plus_pc,num__bio__patient_cd16_score_mean,bio__patient_cd16_score_mean,-5.874996232751024e-08,5.874996232751024e-08,immune
secondary,PFS,immune_only_bio_sbp_plus_pc,num__pc__NK_PC1,pc__NK_PC1,-2.993222684568886e-08,2.993222684568886e-08,immune
secondary,PFS_6m_restricted,clinical_plus_bio_sbp,cat__io_line_≥2nd line,io_line,5.463881391082274e-07,5.463881391082274e-07,clinical
secondary,PFS_6m_restricted,clinical_plus_bio_sbp,cat__histology_others,histology,-3.9370827997605136e-07,3.9370827997605136e-07,clinical
secondary,PFS_6m_restricted,clinical_plus_bio_sbp,cat__ecog_1,ecog,3.6586745750591035e-07,3.6586745750591035e-07,clinical
secondary,PFS_6m_restricted,clinical_plus_bio_sbp,cat__egfr_status_Wild-Type,egfr_status,-3.125910246911522e-07,3.125910246911522e-07,clinical
secondary,PFS_6m_restricted,clinical_plus_bio_sbp,cat__smoking_Ex,smoking,1.8428230894593165e-07,1.8428230894593165e-07,clinical
secondary,PFS_6m_restricted,clinical_plus_bio_sbp,cat__sex_M,sex,1.3105679467801303e-07,1.3105679467801303e-07,clinical
secondary,PFS_6m_restricted,clinical_plus_bio_sbp,cat__previous_target_Yes,previous_target,1.2093603756527728e-07,1.2093603756527728e-07,clinical
secondary,PFS_6m_restricted,clinical_plus_bio_sbp,cat__ecog_2,ecog,8.536594731141815e-08,8.536594731141815e-08,clinical
secondary,PFS_6m_restricted,clinical_plus_bio_sbp,cat__smoking_Never,smoking,-6.314647354086985e-08,6.314647354086985e-08,clinical
secondary,PFS_6m_restricted,clinical_plus_bio_sbp,cat__histology_LUSC,histology,5.96256364857812e-08,5.96256364857812e-08,clinical
secondary,PFS_6m_restricted,clinical_plus_bio_sbp,num__age,age,-2.2192606850984256e-08,2.2192606850984256e-08,clinical
secondary,PFS_6m_restricted,clinical_plus_bio_sbp,num__bio__CD14_CD16_SBP_2part_ilr,bio__CD14_CD16_SBP_2part_ilr,1.477104569345518e-07,1.477104569345518e-07,immune
secondary,PFS_6m_restricted,clinical_plus_bio_sbp,num__bio__patient_cd14_score_mean,bio__patient_cd14_score_mean,1.1749623836648941e-07,1.1749623836648941e-07,immune
secondary,PFS_6m_restricted,clinical_plus_bio_sbp,num__bio__LM_SBP_2part_ilr,bio__LM_SBP_2part_ilr,-1.1036072152168799e-07,1.1036072152168799e-07,immune
secondary,PFS_6m_restricted,clinical_plus_bio_sbp,num__bio__patient_cd16_score_mean,bio__patient_cd16_score_mean,-9.698760260342102e-08,9.698760260342102e-08,immune
secondary,PFS_6m_restricted,clinical_plus_bio_sbp,num__bio__patient_naive_score_mean,bio__patient_naive_score_mean,-7.97737328941775e-08,7.97737328941775e-08,immune
secondary,PFS_6m_restricted,clinical_plus_bio_sbp_plus_pc,cat__ecog_2,ecog,4.37687002209425,4.37687002209425,clinical
secondary,PFS_6m_restricted,clinical_plus_bio_sbp_plus_pc,cat__ecog_1,ecog,3.3689199522270132,3.3689199522270132,clinical
secondary,PFS_6m_restricted,clinical_plus_bio_sbp_plus_pc,cat__egfr_status_Wild-Type,egfr_status,-2.965776092110315,2.965776092110315,clinical
secondary,PFS_6m_restricted,clinical_plus_bio_sbp_plus_pc,cat__previous_target_Yes,previous_target,-2.7616972526348866,2.7616972526348866,clinical
secondary,PFS_6m_restricted,clinical_plus_bio_sbp_plus_pc,cat__io_line_≥2nd line,io_line,2.490229359260324,2.490229359260324,clinical
secondary,PFS_6m_restricted,clinical_plus_bio_sbp_plus_pc,cat__sex_M,sex,2.250065717217464,2.250065717217464,clinical
secondary,PFS_6m_restricted,clinical_plus_bio_sbp_plus_pc,cat__smoking_Never,smoking,2.0195933489572195,2.0195933489572195,clinical
secondary,PFS_6m_restricted,clinical_plus_bio_sbp_plus_pc,cat__histology_others,histology,-1.346333882461868,1.346333882461868,clinical
secondary,PFS_6m_restricted,clinical_plus_bio_sbp_plus_pc,cat__histology_LUSC,histology,0.8009614715973363,0.8009614715973363,clinical
secondary,PFS_6m_restricted,clinical_plus_bio_sbp_plus_pc,cat__smoking_Ex,smoking,0.6162744534847419,0.6162744534847419,clinical
secondary,PFS_6m_restricted,clinical_plus_bio_sbp_plus_pc,num__age,age,-0.35461653124604653,0.35461653124604653,clinical
secondary,PFS_6m_restricted,clinical_plus_bio_sbp_plus_pc,num__bio__patient_cd16_score_mean,bio__patient_cd16_score_mean,-0.6465420598528369,0.6465420598528369,immune
secondary,PFS_6m_restricted,clinical_plus_bio_sbp_plus_pc,num__pc__NK_PC1,pc__NK_PC1,0.5592263782171626,0.5592263782171626,immune
secondary,PFS_6m_restricted,clinical_plus_bio_sbp_plus_pc,num__pc__effector_CD8_T_PC1,pc__effector_CD8_T_PC1,-0.5478385405562866,0.5478385405562866,immune
secondary,PFS_6m_restricted,clinical_plus_bio_sbp_plus_pc,num__bio__LM_SBP_2part_ilr,bio__LM_SBP_2part_ilr,-0.35042816035618074,0.35042816035618074,immune
secondary,PFS_6m_restricted,clinical_plus_bio_sbp_plus_pc,num__pc__effector_CD8_T_PC2,pc__effector_CD8_T_PC2,-0.2668101585160092,0.2668101585160092,immune
secondary,PFS_6m_restricted,clinical_plus_bio_sbp_plus_pc,num__bio__patient_naive_score_mean,bio__patient_naive_score_mean,0.17844485593370496,0.17844485593370496,immune
secondary,PFS_6m_restricted,clinical_plus_bio_sbp_plus_pc,num__pc__naive_TCM_CD4_T_PC1,pc__naive_TCM_CD4_T_PC1,-0.12329200109907062,0.12329200109907062,immune
secondary,PFS_6m_restricted,clinical_plus_bio_sbp_plus_pc,num__pc__NK_PC2,pc__NK_PC2,0.09487601350400231,0.09487601350400231,immune
secondary,PFS_6m_restricted,clinical_plus_bio_sbp_plus_pc,num__bio__CD14_CD16_SBP_2part_ilr,bio__CD14_CD16_SBP_2part_ilr,0.07260176097638583,0.07260176097638583,immune
secondary,PFS_6m_restricted,clinical_plus_bio_sbp_plus_pc,num__bio__patient_cd14_score_mean,bio__patient_cd14_score_mean,0.020854898866073796,0.020854898866073796,immune
secondary,PFS_6m_restricted,clinical_plus_bio_sbp_plus_pc,num__pc__naive_TCM_CD4_T_PC2,pc__naive_TCM_CD4_T_PC2,0.020410537908893,0.020410537908893,immune
secondary,PFS_6m_restricted,clinical_plus_bio_sbp_plus_pc,num__pc__CD14_Mono_PC2,pc__CD14_Mono_PC2,-0.0001390441004091493,0.0001390441004091493,immune
secondary,PFS_6m_restricted,clinical_plus_bio_sbp_plus_pc_with_pd_l1,cat__pd_l1_tps_≥50,pd_l1_tps,-0.0769907957716032,0.0769907957716032,clinical
secondary,PFS_6m_restricted,clinical_plus_bio_sbp_plus_pc_with_pd_l1,cat__io_line_≥2nd line,io_line,4.804085214592159e-07,4.804085214592159e-07,clinical
secondary,PFS_6m_restricted,clinical_plus_bio_sbp_plus_pc_with_pd_l1,cat__histology_others,histology,-2.3116746001065567e-07,2.3116746001065567e-07,clinical
secondary,PFS_6m_restricted,clinical_plus_bio_sbp_plus_pc_with_pd_l1,cat__ecog_1,ecog,2.2108259973583306e-07,2.2108259973583306e-07,clinical
secondary,PFS_6m_restricted,clinical_plus_bio_sbp_plus_pc_with_pd_l1,cat__pd_l1_tps_<1,pd_l1_tps,2.12319765138754e-07,2.12319765138754e-07,clinical
secondary,PFS_6m_restricted,clinical_plus_bio_sbp_plus_pc_with_pd_l1,cat__egfr_status_Wild-Type,egfr_status,-1.9784005703604554e-07,1.9784005703604554e-07,clinical
secondary,PFS_6m_restricted,clinical_plus_bio_sbp_plus_pc_with_pd_l1,cat__smoking_Ex,smoking,1.1451810551741196e-07,1.1451810551741196e-07,clinical
secondary,PFS_6m_restricted,clinical_plus_bio_sbp_plus_pc_with_pd_l1,cat__previous_target_Yes,previous_target,7.342608214138223e-08,7.342608214138223e-08,clinical
secondary,PFS_6m_restricted,clinical_plus_bio_sbp_plus_pc_with_pd_l1,cat__sex_M,sex,7.177254008910872e-08,7.177254008910872e-08,clinical
secondary,PFS_6m_restricted,clinical_plus_bio_sbp_plus_pc_with_pd_l1,cat__ecog_2,ecog,4.837165914232839e-08,4.837165914232839e-08,clinical
secondary,PFS_6m_restricted,clinical_plus_bio_sbp_plus_pc_with_pd_l1,cat__histology_LUSC,histology,3.367638852827733e-08,3.367638852827733e-08,clinical
secondary,PFS_6m_restricted,clinical_plus_bio_sbp_plus_pc_with_pd_l1,cat__smoking_Never,smoking,-2.921823369553459e-08,2.921823369553459e-08,clinical
secondary,PFS_6m_restricted,clinical_plus_bio_sbp_plus_pc_with_pd_l1,num__age,age,-1.2805055358604688e-08,1.2805055358604688e-08,clinical
secondary,PFS_6m_restricted,clinical_plus_bio_sbp_plus_pc_with_pd_l1,num__bio__CD14_CD16_SBP_2part_ilr,bio__CD14_CD16_SBP_2part_ilr,9.940171672065229e-08,9.940171672065229e-08,immune
secondary,PFS_6m_restricted,clinical_plus_bio_sbp_plus_pc_with_pd_l1,num__pc__effector_CD8_T_PC2,pc__effector_CD8_T_PC2,-7.659001092610212e-08,7.659001092610212e-08,immune
secondary,PFS_6m_restricted,clinical_plus_bio_sbp_plus_pc_with_pd_l1,num__bio__patient_cd14_score_mean,bio__patient_cd14_score_mean,7.289364187954539e-08,7.289364187954539e-08,immune
secondary,PFS_6m_restricted,clinical_plus_bio_sbp_plus_pc_with_pd_l1,num__bio__LM_SBP_2part_ilr,bio__LM_SBP_2part_ilr,-7.150762291431308e-08,7.150762291431308e-08,immune
secondary,PFS_6m_restricted,clinical_plus_bio_sbp_plus_pc_with_pd_l1,num__bio__patient_cd16_score_mean,bio__patient_cd16_score_mean,-5.8466338717427646e-08,5.8466338717427646e-08,immune
secondary,PFS_6m_restricted,clinical_plus_bio_sbp_plus_pc_with_pd_l1,num__bio__patient_naive_score_mean,bio__patient_naive_score_mean,-4.696936612026387e-08,4.696936612026387e-08,immune
secondary,PFS_6m_restricted,clinical_plus_bio_sbp_plus_pc_with_pd_l1,num__pc__effector_CD8_T_PC1,pc__effector_CD8_T_PC1,-3.761106644345863e-08,3.761106644345863e-08,immune
secondary,PFS_6m_restricted,clinical_plus_bio_sbp_plus_pc_with_pd_l1,num__pc__naive_TCM_CD4_T_PC1,pc__naive_TCM_CD4_T_PC1,1.2954843119182797e-08,1.2954843119182797e-08,immune
secondary,PFS_6m_restricted,clinical_plus_bio_sbp_plus_pc_with_pd_l1,num__pc__NK_PC1,pc__NK_PC1,1.2146454639617519e-08,1.2146454639617519e-08,immune
secondary,PFS_6m_restricted,clinical_plus_bio_sbp_plus_pc_with_pd_l1,num__pc__CD14_Mono_PC2,pc__CD14_Mono_PC2,4.38606108773874e-09,4.38606108773874e-09,immune
secondary,PFS_6m_restricted,clinical_plus_bio_sbp_plus_pc_with_pd_l1,num__pc__naive_TCM_CD4_T_PC2,pc__naive_TCM_CD4_T_PC2,-2.27432835964503e-09,2.27432835964503e-09,immune
secondary,PFS_6m_restricted,clinical_plus_bio_sbp_plus_pc_with_pd_l1,num__pc__NK_PC2,pc__NK_PC2,2.80039303038769e-10,2.80039303038769e-10,immune
secondary,PFS_6m_restricted,clinical_plus_bio_sbp_with_pd_l1,cat__pd_l1_tps_≥50,pd_l1_tps,-0.07699080312101383,0.07699080312101383,clinical
secondary,PFS_6m_restricted,clinical_plus_bio_sbp_with_pd_l1,cat__io_line_≥2nd line,io_line,4.803943469529125e-07,4.803943469529125e-07,clinical
secondary,PFS_6m_restricted,clinical_plus_bio_sbp_with_pd_l1,cat__histology_others,histology,-2.3116746280094348e-07,2.3116746280094348e-07,clinical
secondary,PFS_6m_restricted,clinical_plus_bio_sbp_with_pd_l1,cat__ecog_1,ecog,2.210826101291886e-07,2.210826101291886e-07,clinical
secondary,PFS_6m_restricted,clinical_plus_bio_sbp_with_pd_l1,cat__pd_l1_tps_<1,pd_l1_tps,2.123197595356774e-07,2.123197595356774e-07,clinical
secondary,PFS_6m_restricted,clinical_plus_bio_sbp_with_pd_l1,cat__egfr_status_Wild-Type,egfr_status,-1.978400638059675e-07,1.978400638059675e-07,clinical
secondary,PFS_6m_restricted,clinical_plus_bio_sbp_with_pd_l1,cat__smoking_Ex,smoking,1.1451811573165656e-07,1.1451811573165656e-07,clinical
secondary,PFS_6m_restricted,clinical_plus_bio_sbp_with_pd_l1,cat__previous_target_Yes,previous_target,7.342608803906471e-08,7.342608803906471e-08,clinical
secondary,PFS_6m_restricted,clinical_plus_bio_sbp_with_pd_l1,cat__sex_M,sex,7.177252873095983e-08,7.177252873095983e-08,clinical
secondary,PFS_6m_restricted,clinical_plus_bio_sbp_with_pd_l1,cat__ecog_2,ecog,4.837165086325581e-08,4.837165086325581e-08,clinical
secondary,PFS_6m_restricted,clinical_plus_bio_sbp_with_pd_l1,cat__histology_LUSC,histology,3.367639910319233e-08,3.367639910319233e-08,clinical
secondary,PFS_6m_restricted,clinical_plus_bio_sbp_with_pd_l1,cat__smoking_Never,smoking,-2.9218225165531562e-08,2.9218225165531562e-08,clinical
secondary,PFS_6m_restricted,clinical_plus_bio_sbp_with_pd_l1,num__age,age,-1.280505162282284e-08,1.280505162282284e-08,clinical
secondary,PFS_6m_restricted,clinical_plus_bio_sbp_with_pd_l1,num__bio__CD14_CD16_SBP_2part_ilr,bio__CD14_CD16_SBP_2part_ilr,9.940171436559038e-08,9.940171436559038e-08,immune
secondary,PFS_6m_restricted,clinical_plus_bio_sbp_with_pd_l1,num__bio__patient_cd14_score_mean,bio__patient_cd14_score_mean,7.289364623542273e-08,7.289364623542273e-08,immune
secondary,PFS_6m_restricted,clinical_plus_bio_sbp_with_pd_l1,num__bio__LM_SBP_2part_ilr,bio__LM_SBP_2part_ilr,-7.150762361068922e-08,7.150762361068922e-08,immune
secondary,PFS_6m_restricted,clinical_plus_bio_sbp_with_pd_l1,num__bio__patient_cd16_score_mean,bio__patient_cd16_score_mean,-5.846633414030937e-08,5.846633414030937e-08,immune
secondary,PFS_6m_restricted,clinical_plus_bio_sbp_with_pd_l1,num__bio__patient_naive_score_mean,bio__patient_naive_score_mean,-4.696937605524043e-08,4.696937605524043e-08,immune
secondary,PFS_6m_restricted,immune_only_bio_sbp_plus_pc,num__pc__effector_CD8_T_PC1,pc__effector_CD8_T_PC1,-0.5234516380074056,0.5234516380074056,immune
secondary,PFS_6m_restricted,immune_only_bio_sbp_plus_pc,num__pc__CD14_Mono_PC1,pc__CD14_Mono_PC1,0.48515120102010234,0.48515120102010234,immune
secondary,PFS_6m_restricted,immune_only_bio_sbp_plus_pc,num__pc__NK_PC1,pc__NK_PC1,0.35456842181790177,0.35456842181790177,immune
secondary,PFS_6m_restricted,immune_only_bio_sbp_plus_pc,num__bio__CD14_CD16_SBP_2part_ilr,bio__CD14_CD16_SBP_2part_ilr,0.34079057526340045,0.34079057526340045,immune
secondary,PFS_6m_restricted,immune_only_bio_sbp_plus_pc,num__bio__LM_SBP_2part_ilr,bio__LM_SBP_2part_ilr,-0.3034436692717811,0.3034436692717811,immune
secondary,PFS_6m_restricted,immune_only_bio_sbp_plus_pc,num__pc__naive_TCM_CD4_T_PC2,pc__naive_TCM_CD4_T_PC2,-0.3016307120211407,0.3016307120211407,immune
secondary,PFS_6m_restricted,immune_only_bio_sbp_plus_pc,num__pc__naive_TCM_CD4_T_PC1,pc__naive_TCM_CD4_T_PC1,0.2980585288259221,0.2980585288259221,immune
secondary,PFS_6m_restricted,immune_only_bio_sbp_plus_pc,num__pc__CD14_Mono_PC2,pc__CD14_Mono_PC2,0.29130299754633454,0.29130299754633454,immune
secondary,PFS_6m_restricted,immune_only_bio_sbp_plus_pc,num__pc__effector_CD8_T_PC2,pc__effector_CD8_T_PC2,-0.22600145823428486,0.22600145823428486,immune
secondary,PFS_6m_restricted,immune_only_bio_sbp_plus_pc,num__bio__patient_cd16_score_mean,bio__patient_cd16_score_mean,-0.14351272619117503,0.14351272619117503,immune
secondary,PFS_6m_restricted,immune_only_bio_sbp_plus_pc,num__pc__NK_PC2,pc__NK_PC2,0.1365500101381047,0.1365500101381047,immune
secondary,PFS_6m_restricted,immune_only_bio_sbp_plus_pc,num__bio__patient_naive_score_mean,bio__patient_naive_score_mean,0.04326327623573282,0.04326327623573282,immune
secondary,PFS_6m_restricted,immune_only_bio_sbp_plus_pc,num__bio__patient_cd14_score_mean,bio__patient_cd14_score_mean,0.027254638191351713,0.027254638191351713,immune
